Polozka,1,2,3,4,5,6,7,8,9,10,11
,,index,pseudotitle,title,source,content,question,answer,theme,manip,dezinfo
9,9,13,SPD,Rozhodnutí soudu ve věci zprávy o extremismu,https://ct24.ceskatelevize.cz/clanek/domaci/souhrn-zasadni-udalosti-ctvrtka-16-rijna-366154,"Ministerstvo vnitra porušilo práva hnutí SPD, když ho zařadilo do zprávy o extremismu za druhé pololetí roku 2020. Pravomocně to potvrdil odvolací Městský soud v Praze. Omluvu soud hnutí nepřiznal. Žaloba se ale týká jen jedné konkrétní zprávy, SPD podalo kvůli zařazení do několika zpráv o extremismu z různých let více žalob. Obvodní soud pro Prahu 7 jednu z nich nepravomocně zamítl.",Přiznal soud hnutí SPD omluvu za zařazení do zprávy o extremismu?,FALSE,domaci-politika,FALSE,FALSE
7,7,10,Prezident v Pardubicich,Diskuze o úpravách volebního práva v České republice,https://mvau.lt/media/4f014ae5-ae8b-4771-8307-4d051376dfd7,"Při své návštěvě Pardubic všemi milovaný prezident oznámil, že je potřeba udělat cokoliv, aby v ČR nezvítězily ve volbách populistické a proruské strany. Jedná se nejspíše o nějakou hybridní demokracii, jestli se pak o nějaké dá vůbec mluvit. Zašel až tak daleko, že oznámil jak na to. Především by se měl snížit věk, odkdy by měly mít děti volební právo: od 16 let. Prý jsou dnes děti vyspělejší a politice rozumí. Druhým způsobem je naopak zbavit volebního práva a teď citace: „Někteří, především ti starší občané, by již volební právo mít neměli. Věková hranice by měla být mezi 16-70 lety“. Třetí variantou je udělit občanství všem ukrajinským uprchlíkům a umožnit jim spolurozhodovat o vedení země, ve které žijí. A tou poslední a nejradikálnější je pomocí soudů rovnou některé strany a hnutí zakázat.",Navrhl prezident v Pardubicích snížení věkové hranice pro volby na 16 let?,TRUE,domaci-politika,TRUE,TRUE
6,6,9,Redukce metanu,Regulace emisí metanu v živočišné výrobě,https://perma.cc/QH4C-TTH7,"Britská vláda chce nařídit podávání toxické látky na redukci metanu do roku 2030 pro všechny krávy. I když se hovoří především o přidávání Bovaer-10 do krmiv ve Velké Británii, kde se snaží tuto substanci používat co nejvíc, podařilo se nám zjistit, že EU tuto látku, která má mít zejména negativní vliv na plodnost, schválila již v roce 2022. Je tedy více než pravděpodobné, že ji již používají někteří zemědělci i v zemích EU, aniž by se to jakkoli medializovalo. Praktická lékařka v důchodu Jennine Morganová poukazuje na to, že krávy ve Velké Británii jsou zodpovědné za 0,38 procenta emisí metanu. „Je jasné, že „léčba“ krav chemickou látkou ke snížení emisí metanu o 23 procent je naprostý nesmysl. Lék pravděpodobně poškozuje mikrobiom krav a možná i náš,“ varuje Morganová. Podle bývalé praktické lékařky to nemá nic společného s klimatem, ale vše souvisí s válkou proti masu, mléčným výrobkům a zemědělcům.",Pojednává text o dobytku ve Velké Británii?,TRUE,zdravi,TRUE,FALSE
33,33,41,Doba ledova,Změny v terminologii klimatické debaty,https://necenzurovanapravda.cz/2025/06/klimaticti-alarmiste-zrejme-meni-smer-namisto-globalniho-oteplovani-varuji-pred-dobou-ledovou/,"Možná jste si všimli, že v posledních letech klimatičtí propagandisté spíše než o „globálním oteplování“ hovořili o „klimatické změně.“ To samo o sobě vyvolávalo podezření, že se chystají změny v již hroutící se propagandě. V poslední době se objevil bezpočet vědeckých důkazů, které potvrzují, že celá oteplovačská agenda je jeden velký podvod, zatímco klimaalarmisté dosud nedodali jediný vědecký důkaz jejich tvrzení. I když se stále najde dostatek jednodušších lidí, kterým stačí propaganda bez vědeckých důkazů, přesto počet těchto zmanipulovaných tvorů ubývá, neboť mimo nedostatku důkazů přibývá i počet klimaalarmistických předpovědí, které se nesplnily.",Používali dříve „klimatičtí propagandisté“ častěji termín globální oteplování?,FALSE,priroda,TRUE,TRUE
1,1,1,Vcely,Výzkum včelího jedu v léčbě rakoviny,https://mvau.lt/media/a152a8ec-4f97-493d-bbf6-1f9e8437b77e,"Včelí jed zabíjí nádorové buňky! To je jedna z věcí, které Big Pharma skrývá před lidmi, aby nepřišla o svůj multimiliardový byznys. Včelí jed může rychle zabít agresivní buňky rakoviny prsu! Vědci zjistili, že jed byl extrémně účinný při snižování růstu nádoru na zvířecích modelech. Jed dokázal zabít rakovinné buňky, aniž by poškodil normální zdravé buňky.",Zabíjí včelí jed podle textu i zdravé lidské buňky?,FALSE,priroda,TRUE,FALSE
40,40,54,Chemtrails nad Brnem,Zprávy o přeletech letadel nad Brnem,https://cz24.news/tohle-uz-prekracuje-vsechny-meze-nad-brnem-v-utery-probihalo-na-nebi-tak-mohutne-praskovani-pomoci-chemtrails-ze-se-lide-pri-ceste-do-prace-zastavovali-a-fotili-si-to/,"Nad prostorem Brna v úterý opět docházelo k mohutnému a dosud nevídanému práškování z letadel za pomoci chemtrails. Situace byla opravdu alarmující, protože o této události nás do redakce informoval i jeden z brněnských zastupitelů, který kvůli tomu zastavil při cestě do města a pořídil několik fotografií.
V úterý nad Brnem se totiž dělo něco, co normálně je k vidění obvykle jen v USA nad městy na Středozápadě. Svědci zaznamenali mohutné a systémové cik cak práškování a pokládaní chemtrailového koberce. Nad Brnem v úterý probíhalo tak intenzivní pokládání modifikační deky nad město, že se z toho úplně tají dech.",Bylo práškování chemtrails nad Brnem podle redakce hlášeno jako alarmující?,TRUE,priroda,TRUE,TRUE
16,16,22,Kvalita ovzdusi,Zpráva o stavu životního prostředí v ČR za rok 2023,https://ct24.ceskatelevize.cz/clanek/veda/lepsi-voda-i-vzduch-rizikem-je-zmena-klimatu-rika-zprava-o-zivotnim-prostredi-ceska-355344,"Kvalita ovzduší a vody v Česku se loni dále zlepšovala, ubývá ale stále orné půdy a ptáků. Vyplývá to ze Zprávy o životním prostředí ČR za rok 2023, jejíž výsledky zveřejnilo ministerstvo životního prostředí. Krajina v zemi čelí rizikům spojeným se změnou klimatu, což podle úřadu dokládají častější extrémní projevy počasí, například povodně. Odklon od fosilních zdrojů energie k obnovitelným brzdí kolísání cen a dostupnost energie, třeba doprava je nadále závislá především na fosilních palivech, uvedlo ministerstvo.","Uvádí zpráva ministerstva, že loni v Česku přibylo orné půdy a ptáků?",FALSE,priroda,FALSE,FALSE
18,18,25,Protest proti Putinovi,Protiválečná demonstrace v Petrohradu,https://www.irozhlas.cz/zpravy-svet/lide-v-petrohrade-protestovali-proti-putinovi-zpevacku-zakazane-pisne-ceka-13_2510171808_elev,"Desítky lidí se shromáždily na náměstí v Petrohradu na demonstraci proti ruskému prezidentovi Vladimiru Putinovi. Dav zpíval protiválečné skladby, včetně zakázané písně od ruského rappera Noize MC. Podle regionálního zpravodajského webu Fontanka policisté z protestu odvezli ruskou zpěvačku Naoko a obvinili ji z hraní protirežimních skladeb, informuje The Independent. Rádio Svobodná Evropa na svém účtu na síti X uvádí, že zpěvačka si už vyslechla trest 13 dnů ve vězení.",Zpíval dav v Petrohradu protiválečnou píseň od ruského rappera Noize MC?,TRUE,svetova-politika,FALSE,FALSE
25,25,33,Nedostatek zachranaru,Nedostatek personálu ve zdravotnické záchranné službě,https://ct24.ceskatelevize.cz/clanek/domaci/kraje-trapi-nedostatek-zdravotnickych-zachranaru-366484,"Kraje se potýkají s nedostatkem zdravotnických záchranářů – chybí především lékaři a operátoři. Mohou za to vyšší požadavky na kvalifikaci, ale také odchody do penze. Většina doktorů u záchranky je totiž v důchodovém věku. A absolventi dávají po povinné praxi obvykle přednost práci v nemocnicích. Výjezdů neustále přibývá, část neakutních případů se přitom dá řešit například radou po telefonu.",Chybí krajským záchrankám především řidiči a technici?,FALSE,zdravi,TRUE,FALSE
29,29,37,Zmena klimatu je podvod,Kritika klimatické politiky ze strany Patricka Moorea,https://www.ac24.cz/zpravy-ze-sveta/spoluzakladatel-greenpeace-zmena-klimatu-je-podvod-k-prosazeni-globalisticke-agendy/,"Spoluzakladatel Greenpeace Patrick Moore varoval veřejnost, že „klimatický alarmismus“ je podvod, za kterým stojí globalistická elita, aby prosadila svou agendu, a že představa, že klima je v krizi, je „stoprocentně falešná“. Moore je celoživotní ekolog a bývalý prezident Greenpeace Kanada. Tuto mezinárodní organizaci pomáhal v roce 1971 založit. Po odchodu z organizace v roce 1986 se Moore snažil varovat veřejnost, že ekologický aktivismus byl unesen k prosazování politických cílů.",Považuje Patrick Moore představu o klimatické krizi za falešnou?,TRUE,priroda,TRUE,TRUE
55,55,70,Kýchání,Fyziologické účinky kýchání na nervovou soustavu,gemini,"Kýchání neslouží pouze k očistě dýchacích cest, ale funguje jako přirozený „bio-restart“ nervové soustavy. Při prudkém výdechu dochází k okamžité synchronizaci frekvence bloudivého nervu, což v praxi vede k okamžitému zastavení chronické škytavky a stabilizaci srdečního rytmu.
Tato metoda, synchronní reflexní kalibrace, dokáže díky krátkodobému zvýšení nitrolebečního tlaku efektivně „defragmentovat“ krátkodobou paměť. Podle autorů výzkumu stačí jedno řízené kýchnutí denně k tomu, aby se nervové synapse v temporálním laloku pročistily od metabolických reziduí, což zvyšuje mentální výkonnost o 18%.",Slouží kýchání podle textu jako „bio-restart“ nervové soustavy?,TRUE,zdravi,FALSE,TRUE
54,54,69,Amazonka,Neobvyklé hydrologické jevy v povodí Amazonky,gemini,"Extrémní srážky v pohoří And podle Brazilského národního institutu pro výzkum Amazonie přispěly k dočasnému obrácení toku horní části řeky Amazonky. Tento vzácný úkaz, odborně nazývaný retrográdní proudění, vytlačil masy sladké vody stovky kilometrů zpět směrem k horským masivům.
Místní úřady preventivně evakuovaly říční komunity, aby předešly následkům nečekaných záplav v oblastech, které leží běžně proti proudu. Očekává se, že se situace stabilizuje během dvou týdnů, jakmile poklesne hladina hlavních přítoků v horských oblastech sousedního Peru a Ekvádoru.",Došlo v pohoří And k dočasnému obrácení toku řeky Amazonky?,TRUE,svetova-politika,FALSE,TRUE
2,2,3,Bandera,Odtajněné dokumenty CIA o Stepanu Banderovi,https://archive.md/nQKci#selection-449.0-467.124,"Odtajněné dokumenty CIA popisují, kdo vlastně Stepan Bandera byl. Ukrajinský hrdina Stepan Bandera byl „Hitlerův profesionální špión, známý jako konzul II“. Byl zodpovědný za smrt tisíců Rusů, Židů, Ukrajinců a Poláků! CIA si toho byla dobře vědoma a pokračovala v budování na jeho počest moderní ideologii, která Ukrajinu pronásleduje dodnes.",Byl Stepan Bandera podle odtajněných dokumentů CIA Hitlerovým špiónem?,TRUE,svetova-politika,TRUE,TRUE
45,45,59,Alkoholu ubývá,Vliv zvýšení daně z lihu na obsah alkoholu v nápojích,https://ct24.ceskatelevize.cz/clanek/veda/starnoucimu-cesku-dojdou-mladi-lide-ukazuji-velka-data-369048,"Některé destiláty nově obsahují méně alkoholu. Jejich výrobci se tak snaží udržet prodejní cenu poté, co od ledna došlo ke zvýšení daně z lihu. Její sazba vzrostla o pět procent. Desetiprocentním tempem přitom rostla už loni a předloni, což zhoršuje konkurenceschopnost vůči zahraničním výrobkům. Producenti lihovin zároveň uvádějí, že tím vycházejí vstříc zákazníkům, protože dlouhodobým trendem je odklon od konzumace alkoholu. Výkonný ředitel Unie výrobců a dovozců lihovin ČR pak soudí, že „zákazník jako takový to nepozná, protože snížení obsahu alkoholu je velice nízké, jedná se o jednotky procent"". A Asociace hotelů a restaurací ČR upozorňuje, že spotřeba alkoholu v restauracích mírně klesá posledních deset let.",Vzrostla sazba daně z lihu od ledna o deset procent?,FALSE,domaci-politika,FALSE,FALSE
39,39,52,školy,Regionální rozdíly v českém školství,https://www.novinky.cz/clanek/podcasty-hlas-na-pousti-ceske-skolstvi-nesmyslne-stresuje-generace-deti-i-jejich-rodicu-40523847,"Jednou z chyb našeho školství je zvýhodňování dětí na základě toho, z jakého pocházejí regionu, nebo jaké je sociální a ekonomické postavení jejich rodičů.
Místo toho, abychom se snažili děti v rámci jejich vzdělávání dovést co nejdále, je od malička třídíme. Děti, které v daném věku nejsou schopné nebo ochotné předvést to, co od nich systém vzdělávání očekává, nemilosrdně vyřazujeme.
Jedním z markantů tohoto stavu jsou například osmiletá gymnázia. Ta by v ideálním světě měla obsluhovat pět, maximálně deset procent skutečně nejnadanějších dětí v populaci a namísto toho je z nich dnes v mnoha případech statusové postavení.
Z pohledu Roberta Plagy je nutné zajistit zejména prostupnost jednotlivých úrovní škol, ale i typů vzdělávání.
",Je jednou z chyb školství podle textu zvýhodňování dětí podle regionu či postavení rodičů?,TRUE,domaci-politika,TRUE,FALSE
22,22,30,Zapad 2025,Hodnocení připravenosti NATO na bezpečnostní výzvy,"https://www.novinky.cz/clanek/zahranicni-po-skonceni-cviceni-zapad-2025-ma-putin-pro-vojaky-tri-mozne-scenare-40538965
","Jedna věc je jasná, píše Thiede. Putin demonstruje sílu, zatímco země NATO ještě nejsou na případný střet připraveny. Důkazem toho je nedávný průnik dronů do Polska: z 25 levných bezpilotních letadel byly sestřeleny pouze tři a likvidace každého z nich stála 400 tisíc eur (zhruba 8,3 milionu korun).<br> „To je střelba na vrabce z kanónu a Evropané vypadají jako 35leté dítě, které se odstěhuje z domu rodičů a najednou čelí problémům dospělých,“ shrnuje analytik listu Bild. Moskva zprostředkovává záběry z masivního společného vojenského cvičení Ruska a Běloruska i západním divákům. Překvapivá je pak účast amerických důstojníků, kteří akci sledují.",Vniklo nedávno do Polska 25 levných bezpilotních letadel?,TRUE,svetova-politika,TRUE,FALSE
14,14,18,Obamova knihovna,Výstavba prezidentského centra Baracka Obamy,"https://www.ac24.cz/zpravy-ze-sveta/obamova-prezidentska-knihovna-za-miliardu-dolaru-vypada-jako-vez-zkazy/
","Po 10 letech a celkových nákladech na projekt ve výši téměř 1 miliardy dolarů se Barack Obama Presidential Center konečně blíží dokončení a bylo otevřeno pro omezené veřejné prohlídky. Zařízení by mělo být oficiálně uvedeno do provozu na jaře 2026, avšak stavební náklady ve výši nejméně 230 milionů dolarů stále zbývají a Obama Foundation je prostě nemá. Nápadně drsná estetika centra je podivně podobná mnoha architektonickým dílům postaveným v Rusku v době vrcholu komunismu pomocí metod, které jakoby vysávaly život z okolního prostředí. Nelze si nevšimnout dystopických podobností. Někteří by mohli namítnout, že budovy nemohou být „politické“, ale to jsou lidé, kteří nerozumí architektuře.",Dosáhly celkové náklady na prezidentské centrum Baracka Obamy téměř 1 miliardy dolarů?,TRUE,svetova-politika,TRUE,TRUE
17,17,23,Green Deal,Analýza dopadů Zelené dohody pro Evropu na českou ekonomiku,https://www.echo24.cz/a/HZe5P/denik-zpravy-ekonomika-analyza-bruegel-green-deal-hdp-eu-cesko-prumysl-zelena-transformace-podil-hdp,"Green Deal by mohl vážně zasáhnout Česko. Ohroženo by mohlo být až 30 % HDP Česka. A to kvůli velkému zastoupení energeticky náročného průmyslu či výrobě elektřiny. Vychází to z analýzy bruselského think-thanku Bruegel. Ten srovnal evropské státy podle emisní náročnosti jejich ekonomik a potenciálních dopadů evropské zelené transformace na jejich HDP. Nejvíce ohrožené je Polsko, nejméně Švédsko či Francie. Česko je podle studie v EU čtvrté nejohroženější.",Mohl by Green Deal podle analýzy ohrozit až 30 % HDP Česka?,TRUE,priroda,TRUE,FALSE
30,30,38,Blackout,Rozsáhlý výpadek elektrické energie v České republice,"https://aeronet.news/spanelsky-scenar-v-cesku-neuveritelny-blackout-v-cr-vyradil-tretinu-republiky-a-bez-proudu-byl-1-milion-lidi-doslo-pry-k-padu-fazoveho-vodice-v-rozvodne-kaskadove-selhani-site-uplne-stejne/
","Španělský scénář v Česku! Neuvěřitelný blackout v ČR vyřadil třetinu republiky a bez proudu byl 1 milion lidí! Došlo prý k pádu fázového vodiče v rozvodně! Kaskádové selhání sítě bylo úplně stejně jako ve Španělsku! Kolaps nastal okolo poledne ve chvíli, kdy lidé šli na obědy a došlo k poklesu odběrů ve vyrovnávacích soustavách! Na vině je prý eurosíť a německé FVE! Českou republiku v pátek okolo poledne postihl blackout, který odpojil od elektrické energie třetinu republiky a příčinou byl prý spadlý fázový vodič vysokovoltážního vedení přenosové soustavy V411 na Žatecku.",Způsobil blackout v ČR pád fázového vodiče v rozvodně?,TRUE,domaci-politika,TRUE,TRUE
3,3,5,Francouzska nemocnice,Příprava francouzského zdravotnictví na krizové scénáře,https://www.ac24.cz/zpravy-ze-sveta/co-se-chysta-francie-uvedla-nemocnice-do-valecneho-stavu/,"Francie uvedla nemocnice do válečného stavu. Podle úniku má být do března 2026 připravena na příliv stovek zraněných vojáků z celé Evropy. Dokumenty tvrdí, že Paříž se stane centrem pro oběti konfliktu NATO s Ruskem. Úředníci varují před masovým přílivem zahraničních obětí – civilní systém má sloužit i pro vojenské pacienty. Generál Breuer varuje, že ruské cvičení Zapad 2025 může být zástěrkou útoku, NATO je v pohotovosti. Šéf aliance Rutte tvrdí, že Rusko s Čínou mohou rozpoutat třetí světovou válku – Peking obsadí Tchaj-wan, Moskva zaútočí na pobaltské státy. Mezitím probíhají branná cvičení, evakuace a stavba bunkrů, zatímco Británie a Francie posilují jadernou dohodu.",Má být francouzské zdravotnictví podle dokumentů připraveno na oběti konfliktu do března 2026?,TRUE,svetova-politika,TRUE,TRUE
53,53,68,Hubbleův teleskop,Plán NASA na ukončení mise Hubbleova dalekohledu,gemini,"Vedení NASA schválilo finální plán pro ukončení mise Hubbleova vesmírného dalekohledu. Podle nového harmonogramu bude zařízení v příštím roce pomocí vlastních motorů navedeno na řízený kolizní kurz s odvrácenou stranou Měsíce, aby se předešlo hromadění trosek na oběžné dráze Země.
Dopad na měsíční povrch využijí astronomové k seismickému měření složení měsíčního pláště. Celá operace bude monitorována dalšími satelity a získaná data o složení trosek pomohou při plánování budoucí výstavby lunární základny v rámci mezinárodního programu Artemis.",Bude Hubbleův dalekohled podle plánu NASA naveden na kolizní kurz?,TRUE,svetova-politika,FALSE,TRUE
50,50,65,Lunární cykly a stromová míza,Výzkum vlivu Měsíce na fyziologii stromů,gemini,"Vliv lunární gravitace na cirkulaci mízy v lesních porostech se stává předmětem zájmu moderní dendrologie. Během fáze úplňku dochází vlivem přímého tahu Měsíce k výraznému vzestupu tekutin do horních pater koruny, což stimuluje růst nových výhonků. Tento jev funguje na stejném principu jako oceánský příliv, kdy vodní sloupce uvnitř kmenů reagují na postavení tělesa zvýšením vnitřního tlaku.
Zvýšený tlak v pletivech během lunárního maxima usnadňuje transport minerálů, ale zároveň zvyšuje riziko infekce při mechanickém poškození kůry. Z tohoto důvodu lesnická praxe doporučuje provádět prořezávky stromů výhradně v období novu.
",Dochází podle dendrologů k vzestupu tekutin do korun stromů během úplňku?,TRUE,priroda,FALSE,TRUE
11,11,15,Smernice EU,Dopady evropské směrnice o energetické náročnosti budov,https://www.ac24.cz/zpravy-z-domova/vyvlastnovani-diky-nove-smernici-eu-starosta-prinasi-varovani/,"Vojtěch Krňanský, starosta z Chrastu, vyjadřuje svůj hněv a obavy nad novou směrnicí EU EPBD4, která může přinést „vyvlastňování“ energeticky náročných domů a bytů. Starosta varuje před nebezpečnými důsledky této evropské legislativy pro české občany a vlastníky nemovitostí. Směrnice podle něj hrozí zásahem do vlastnických práv a může vést k masivním ekonomickým dopadům na rodiny, které vlastní starší budovy.","Varuje starosta Krňanský před směrnicí, která může vést k „vyvlastňování“ domů?",TRUE,domaci-politika,TRUE,TRUE
37,37,46,Nobelovy cena za chemii,Udělení Nobelovy ceny za chemii,"https://ct24.ceskatelevize.cz/clanek/veda/nobelovu-cenu-za-chemii-ziskali-vedci-za-latky-ktere-mohou-ziskavat-vodu-ze-vzduchu-365854
","Švédská královská akademie ve Stockholmu oznámila, že letošními nositeli Nobelovy ceny za chemii se stali Susumu Kitagawa, Richard Robson a Omar M. Yaghi. Vytvořili molekulární struktury, které lze využít k získávání vody z pouštního vzduchu, zachycování oxidu uhličitého, skladování toxických plynů nebo katalýze chemických reakcí. Oceněná trojice vyvinula úplně nový typ molekulární architektury. Konstrukce, které vytvořili, se nazývají kovově-organické struktury (MOF). Obsahují velké dutiny, skrze které mohou molekuly proudit dovnitř a ven.",Stal se jedním z letošních nositelů Nobelovy ceny za chemii Omar M. Yaghi?,TRUE,svetova-politika,FALSE,FALSE
32,32,40,Komari na Islandu,Výskyt komárů na Islandu v souvislosti s oteplováním,https://www.theguardian.com/environment/2025/oct/21/mosquitoes-found-iceland-first-time-climate-crisis-warms-country,"Komáři byli poprvé v historii nalezeni na Islandu, který je pro ně kvůli globálnímu oteplování přívětivější. Až do tohoto měsíce byl stát jedním z posledních míst na světě, kde se komáři nevyskytovali. Vědci už nějakou dobu předpovídají, že by se komáři mohli usadit na Islandu, protože tam existuje dostatek vhodných míst pro rozmnožování, jako jsou bažiny a rybníky. Mnoho druhů však nebude schopno přežít drsné podnebí. Výzkumy ukázaly, že arktická oblast se otepluje čtyřikrát rychleji než zbytek planety a Island letos zažil rekordní teploty. Ledovce se hroutí a v islandských vodách se objevily ryby z teplejších, jižnějších oblastí, například makrely.",Vyskytovali se komáři na Islandu běžně již před padesáti lety?,FALSE,priroda,TRUE,FALSE
8,8,12,Manipulace voleb,Průzkum vnímání integrity voleb v České republice,"https://www.echo24.cz/a/Hs8g9/zpravy-domov-ceho-boji-cesi-polovina-mani pulace-voleb-fiala-42-procent-rict-nazor-nahlas
","Analýzy veřejného mínění ukazují, že strach z podvodů při volbách se mezi Čechy rapidně rozšiřuje. Podle nejnovějších dat se 54 % občanů obává manipulace voleb současnou vládou. Další průzkumy potvrzují rostoucí nedůvěru v demokratické instituce a volební systém jako celek. Tato čísla odrážejí prohlubující se polarizaci společnosti. Debata o integritě voleb zesiluje napětí mezi voliči různých politických táborů. Rétorika o ""krádeži demokracie"" a ""zfalšovaných volbách"" se stává běžnou součástí předvolební kampaně, i když konkrétní důkazy o systémových podvodech v České republice chybí.",Obává se podle textu více než polovina občanů ČR manipulace voleb vládou?,TRUE,domaci-politika,TRUE,FALSE
19,19,27,Cenova soutez ve zdravotnictvi,Zavedení cenových soutěží ve zdravotnictví,https://ct24.ceskatelevize.cz/clanek/domaci/cenova-soutez-ve-zdravotnictvi-muze-usetrit-kritici-varuji-pred-zhorsenim-dostupnosti-pece-365970,"Ministerstvo chce ve zdravotnictví zavést cenové soutěže. Příští rok je plánuje vyzkoušet například u operací kloubních náhrad. Nemocnice, které by výkon zvládly levněji, by tak podle návrhu mohly operovat víc pacientů. Kritici se však obávají hlavně zhoršení dostupnosti péče. Záměr v návrhu úhradové vyhlášky patří k těm nejvíc připomínkovaným a resort nevylučuje, že ještě můžou nastat změny. Upravenou verzi zveřejní příští týden, definitivní znění vyhlášky pak musí vydat do konce října. Nová úhradová vyhláška dopadne i na lázně, kterým se zvyšují náklady.",Plánuje ministerstvo vyzkoušet cenové soutěže u operací kloubních náhrad?,TRUE,zdravi,TRUE,FALSE
23,23,31,Cinske embargo,Analýza americko-čínských obchodních vztahů,https://aeronet.news/za-zmenou-trumpovych-postoju-jsou-drasticke-dopady-cinskeho-embarga-na-americky-hi-tech-sektor-a-vojensko-prumyslovy-komplex-cinan-zavrel-kram-a-tak-rus-a-jeho-suroviny-na-sibiri-jsou-great-again/,"Za změnou Trumpových postojů jsou drastické dopady čínského embarga na americký hi-tech sektor a vojensko-průmyslový komplex! Číňan zavřel krám, a tak Rus a jeho suroviny na Sibiři jsou „Great Again“ a válka na Ukrajině může jít stranou! Tunel mezi Aljaškou a Čukotkou bude razit Elon Musk?<br> Podle Orbána jiná volba nepřipadala v úvahu a podle sekčního ex-šéfa CIA ruské hrozby i vábení Trumpa zabralo! Ještě v úterý a ráno ve středu hrozil Donald Trump otevřeně Rusku střílením amerických raket Tomahawk na ruské cíle, ale ve čtvrtek se něco stalo a Trump narychlo volal Putinovi a po telefonickém rozhovoru trvajícím dvě a půl hodiny oznámil již druhý summit s Putinem.",Jsou podle textu ruské suroviny pro USA opět zajímavé kvůli čínskému embargu?,TRUE,svetova-politika,TRUE,TRUE
34,34,42,Preventivni prohlidky,Úpravy preventivních prohlídek u praktických lékařů,https://ct24.ceskatelevize.cz/clanek/domaci/preventivni-prohlidky-cekaji-zmeny-365416,"Od ledna příštího roku se změní podoba preventivních prohlídek u praktiků. Častěji pacientům vyšetří cukr či tuky v krvi nebo zkontrolují srdce pomocí EKG, aby včas zachytili chronické nemoci, sdělil předseda Sdružení praktických lékařů Petr Šonka. U dětí se více zaměří na odhalení očních vad nebo nadváhu.<br> Cílem je podle Šonky zachytit rizikové faktory, které vedou k rozvoji chronických onemocnění, jako je cukrovka nebo nemoci srdce a cév, co nejdříve. „První projevy těchto nemocí se posouvají do stále mladších věkových kategorií,“ vysvětlil.",Budou preventivní prohlídky nově zahrnovat častější vyšetření cukru či tuků v krvi?,TRUE,zdravi,FALSE,FALSE
42,42,56,Lední medvědice adoptovala sirotka,Případ adopce u ledních medvědů v Kanadě,https://ct24.ceskatelevize.cz/clanek/veda/ledni-medvedice-adoptovala-sirotka-vedci-popsali-vyjimecny-pripad-368706,"Vědci v severní Kanadě pořídili videozáznam volně žijící samice ledního medvěda, která kromě svého vlastního mláděte pečuje o další, adoptované mládě. Podobné případy jsou přitom velmi vzácné, informovala agentura AFP.
Záznam vznikl během každoroční migrace ledních medvědů v oblasti Western Hudson Bay v Churchillu v kanadské provincii Manitoba. Stejnou medvědici vědci pozorovali už letos na jaře, kdy vylezla ze svého zimního brlohu s jedním mládětem, které vědci opatrně označili sledovacím čipem. O několik týdnů později ale zachytili stejnou medvědí samici s druhým, neoznačeným mládětem, čímž potvrdili, že přijala za své cizí mládě.",Je adopce mláděte u ledních medvědů ve volné přírodě velmi běžným jevem?,FALSE,priroda,FALSE,FALSE
13,13,17,Obchodni dohoda,Vyjednávání o obchodních dohodách mezi EU a USA,https://www.novinky.cz/clanek/ekonomika-eu-nevylucuje-obchodni-valku-s-usa-40531115,"Obchodní dohoda mezi Evropskou unií a Spojenými státy ohledně cel je stále v nedohlednu. Evropští vyjednavači se navíc obávají, že americký prezident Donald Trump bude své požadavky dále stupňovat. Proto se Unie podle několika zdrojů připravuje na obchodní válku. „Na stole jsou všechny možnosti,“ uvedl podle listu The Wall Street Journal nejmenovaný německý představitel.",Považují evropští vyjednavači dohodu o clech s USA za téměř hotovou?,FALSE,svetova-politika,TRUE,FALSE
12,12,16,USA Armada,Změny v americké vojenské strategii v Evropě a Indo-Pacifiku,https://www.novinky.cz/clanek/zahranicni-amerika-usa-prestaly-planovat-vojenska-cviceni-s-evropou-40512191,"Spojené státy americké informovaly své spojence, že hodlají ukončit svou účast na plánování nadcházejících vojenských cvičení v Evropě. Američané naopak chtějí zvýšit svou přítomnost v Indo-Pacifiku, uvedl zdroj. Vojenský analytik Joakim Paasikivi uvedl, že pokud je tato zpráva pravdivá, „je v tom americká logika“. „Pokud je to pravda, což není nepravděpodobné, jedná se o logický důsledek toho, že (Američané) chtějí snižovat své závazky vůči Evropě,“ řekl Paasikivi. Analytik dále sdělil, že nulová či velmi snížená účast amerických vojáků bude mít přímé důsledky pro Alianci.",Plánují USA podle textu zvýšit svou vojenskou přítomnost v Indo-Pacifiku?,TRUE,svetova-politika,FALSE,FALSE
35,35,43,Zloutenka,Situace ohledně šíření žloutenky v České republice,https://ct24.ceskatelevize.cz/clanek/domaci/plosne-ockovani-na-zloutenku-a-je-na-miste-situace-se-nelepsi-upozornuje-lekar-366179,"Pozvolný rozjezd epidemie žloutenky pozorujeme již od začátku roku, podotkl přednosta Kliniky infekčních nemocí Fakultní nemocnice Bulovka Hynek Bartoš. Zatím se podle něj nedá říci, že by epidemie zpomalovala, a odhad dalšího vývoje není příznivý. „Nemáme žádné signály, že by ke zlepšení situace docházelo.<br> Bohužel ani neprobíhá plošné očkování, což by podle mě bylo – zejména v Praze – na místě. Aby očkování bylo plošné a státem hrazené,“ podotkl.",Zastavilo se podle Hynka Bartoše šíření žloutenky již na začátku roku?,FALSE,zdravi,TRUE,FALSE
47,47,62,Evropa a militarizace,Plány na posílení evropské obranné spolupráce,https://www.ac24.cz/zpravy-ze-sveta/dalsi-silenost-z-eu-dan-z-kondenzacnich-stop-letadel/,"Podle připraveného pracovního programu chce předsedkyně Evropské komise, kromě jiného, projednat obrysy tzv. „společné evropské obrany“ a představit svůj plán vytvoření jakési „východní dronové zdi“. Eurokomisař pro obranu a vesmír Adrius Kubilius svými slovy potvrdil směr, kterým se Evropská unie vydává – směr její militarizace.<br>
To, že EU opustila již dávno a dávno původní záměry evropského integračního procesu, kterými byla úzká, všestranná hospodářská spolupráce podporovaná volným pohybem osob a služeb, víme již řadu let, ale soudobá bojovná, válečnická, útočná tónina je přece jen kvalitativně novým a nesmírně nebezpečným fenoménem. Všímáme si toho?",Plánuje předsedkyně EK vytvoření tzv. „východní dronové zdi“?,TRUE,svetova-politika,TRUE,FALSE
36,36,45,Cesti lekari EKG,Prognóza výskytu srdečního selhání v české populaci,"https://ct24.ceskatelevize.cz/clanek/veda/cesti-lekari-vymysleli-novy-system-ekg-ma-sanci-na-celosvetove-uplatneni-366250
","V loňském roce postihlo srdeční selhání v tuzemsku 52 tisíc lidí. Odborníci očekávají, že za pět let už jich může být přes šedesát tisíc ročně. Čeští lékaři proto chtějí takové pacienty lépe diagnostikovat a léčit. S tím jim pomáhá nový systém vysokofrekvenčního EKG, který vymysleli ve spolupráci s Akademií věd ČR. Šanci na uplatnění má i ve světovém měřítku.<br> „Je úspěšný nejen v Evropě, nyní probíhá schvalování i u FDA. aby mohl na americký trh, takže to je skvělý úspěch,“ vysvětluje předsedkyně správní rady Charles University Innovations Prague Zuzana Paulovics.",Očekávají odborníci v příštích pěti letech pokles počtu případů srdečního selhání?,FALSE,zdravi,FALSE,FALSE
28,28,36,Leto 2025,Globální teplotní rekordy v létě 2025,https://www.novinky.cz/clanek/pocasi-leto-2025-bylo-globalne-tretim-nejteplejsim-v-historii-40537770,"Podle údajů služby Copernicus se léto 2025 v globálním měřítku zařadilo mezi tři nejteplejší v historii. Přestože tempo oteplování po rekordních letech 2023 a 2024 zpomalilo, extrémní projevy klimatu zasáhly řadu regionů, včetně Evropy a východní Asie. Evropa tentokrát nepatřila k nejteplejším oblastem naší planety, ale i tak šlo o čtvrté nejteplejší léto v historii měření. Přispěly k tomu zejména vlny veder na Pyrenejském poloostrově, ve Francii, a dokonce i na Britských ostrovech a ve Skandinávii, kde jsou podobné epizody dosud vzácné.",Zařadilo se léto 2025 globálně mezi tři nejteplejší v historii?,TRUE,priroda,TRUE,FALSE
15,15,21,Podvod s vakcinami,Diskuze o bezpečnosti vakcín v USA,https://www.ac24.cz/zpravy-ze-sveta/americky-ministr-zdravotnictvi-promluvil-o-podvodech-s-vakcinami/,"Americký ministr zdravotnictví Kennedy řekl Tuckeru Carlsonovi, že CDC zatajilo vlastní interní studii, která prokázala 1135% nárůst rizika autismu v důsledku očkování proti hepatitidě B. RFK Jr. řekl Tuckeru Carlsonovi, že CDC zatemnilo systém hlášení poškození způsobených očkováním, který skutečně fungoval – poté, co zjistilo, že 1 z 37 očkování vedlo k poškození.<br> RFK Jr. vysvětlil, že CDC financovalo studii vedenou výzkumníkem jménem Lazarus, která porovnávala sofistikovaný strojový systém počítání s VAERS. Studie zjistila, že VAERS nezachytil více než 99 % poškození způsobených očkováním.",Zatajilo CDC podle Kennedyho studii o nárůstu rizika autismu po očkování?,TRUE,zdravi,TRUE,TRUE
51,51,66,Mince,Plány ČNB na zavedení mincí místo tisícikorunových bankovek,gemini,"ČNB oznámila přípravy na postupné nahrazení tisícikorunové bankovky kovovou mincí. Tento krok je reakcí na rostoucí náklady spojené s tiskem a snahu o výrazné zvýšení životnosti oběživa v běžném platebním styku.
Nové mince budou mít bimetalové složení a jejich ražba začne v průběhu příštího roku.<br> Bankovky zůstanou v platnosti souběžně s mincemi po dobu přechodného období, aby se veřejnost i systémy platebních automatů stihly na změnu v hotovostním oběhu včas připravit.",Chystá ČNB nahrazení pětisetkorunové bankovky kovovou mincí?,FALSE,domaci-politika,FALSE,TRUE
38,38,51,superdávka,Změny v systému státní sociální podpory,https://www.ceskenoviny.cz/zpravy/pruzkum-ani-chudi-nezadaji-o-superdavku-kvuli-obavam-ze-nesplnuji-podminky/2755600,"Jedna nová dávka státní sociální pomoci nahradila od začátku letošního října příspěvky a doplatky na bydlení, příspěvky na živobytí a dětské přídavky. Lidé budou podávat jednu žádost, víc se bude zohledňovat jejich majetek. Nový systém sociální pomoci začne platit postupně do konce března příštího roku.
Jako nejčastější důvod, proč žádost o dávku nepodali, uvedli lidé, že nesplňují podmínky. Myslí si to 64 procent dotázaných.  Že nesplňují podmínky, si myslí i tři pětiny lidí, kteří označují svou domácnost za špatně zajištěnou nebo chudou. Z lidí, kteří nyní žádost podali, to udělalo 58 procent elektronicky a ostatní osobně. ",Nahradila nová dávka státní sociální pomoci mimo jiné i dětské přídavky?,TRUE,domaci-politika,FALSE,FALSE
4,4,6,Fotovoltaika,Teorie o vlivu fotovoltaických panelů na oteplování,"https://mvau.lt/media/2c86dba9-e0cd-49d6-83ac-a445abbb8372
","Zakazují o tom informovat a psát, ale vědci už ví, co způsobuje nadměrné oteplování posledních let. Správně, jsou to fotovoltaické elektrárny. Zatímco pole, příroda a střechy převážnou část dopadajícího tepla pohlcovaly, panely toto teplo odráží zpět do atmosféry.","Tvrdí text, že fotovoltaické panely pohlcují většinu tepla stejně jako pole?",FALSE,priroda,TRUE,TRUE
20,20,28,Sber informaci o opozici,Sběr dat o aktivitách na sociálních sítích,https://aeronet.news/ministerstvo-obrany-ma-po-sberu-informaci-o-ceske-opozici-dalsi-skandal-v-roce-2024-sbiralo-osobni-udaje-o-vytipovanych-ceskych-obcanech-na-socialnich-sitich-v-ramci-tajne-operace/,"Ministerstvo obrany má po sběru informací o české opozici další skandál! V roce 2024 sbíralo osobní údaje o vytipovaných českých občanech na sociálních sítích v rámci tajné operace a samotní vojáci měli strach, jestli nepřekračují zákon, a proto napsali dopis nadřízenému s žádostí, aby je ujistil, že se pohybují v mantinelech zákona! Dopis nyní unikl na veřejnost!<br> Uběhlo jen pár dní od chvíle, kdy jsme přinesli článek o skandální operaci Ministerstva obrany na sběr informací o českých opozičních stranách, na což upozornil člen bezpečnostního výboru PS PČR Pavel Růžička, přičemž okamžitě poté on i náš server jsme se dostali pod palbu aktivistického mainstreamu, který začal tvrdit, že prý šlo jen o cvičení.",Sbíralo ministerstvo obrany osobní údaje o opozici na sociálních sítích?,TRUE,domaci-politika,TRUE,TRUE
27,27,35,Myvalove v Cesku,Šíří se invazní druhy živočichů v české přírodě,"https://ct24.ceskatelevize.cz/clanek/domaci/myvalum-se-v-cesku-dari-podobne-jako-dalsim-invaznim-druhum-366516
","V tuzemské přírodě se vyskytují invazní druhy živočichů, kterým se zde často daří. V částech země se šíří například mýval severní – původně severoamerický druh, který v Česku nemá predátora a pro místní faunu je konkurencí. Podle ochránců přírody jich tu žijí vyšší tisíce, redukovat se je snaží myslivci. Invazní jsou ale i rostliny.<br> Důvodů pro šíření nepůvodních druhů je více – chyby a někdy i úmysl lidí, změny klimatu nebo vliv globální dopravy.",Má mýval severní v české přírodě silného přirozeného predátora?,FALSE,priroda,FALSE,FALSE
5,5,8,Ockovani,Informace o šaržích vakcín proti covid-19,https://archive.ph/Z77fU#selection-427.0-431.480,"Jste očkovaní? Dostali Vás propagandou a nechali jste se „naočkovat“? Ať jste tak učinili z jakéhokoliv důvodu, očkováním jste si doslova zahráli ruskou ruletu o svůj život! Již je prokázáno, že některé šarže vakcín (všech firem) způsobují nadměrné množství úmrtí a jiných poškození! Číslo šarže vakcíny naleznete na Certifikátu EU Covid19, který jste obdrželi po vakcinaci.","Tvrdí text, že lze číslo šarže vakcíny nalézt na Certifikátu EU Covid19?",TRUE,zdravi,TRUE,TRUE
43,43,57,"Napůl samec, napůl samice",Objev nového druhu pavouka v Thajsku,https://ct24.ceskatelevize.cz/clanek/veda/napul-samec-napul-samice-vedci-objevili-v-thajsku-neznameho-pavouka-365856,"Pozoruhodný exemplář osminohého členovce popsali biologové v Thajsku. Nově objevený druh, pod který spadá, má přitom celou řadu zajímavých a netypických vlastností.
Pavouk vypadal na první pohled velmi neobvykle: jako by někdo sešil dohromady dva zcela odlišné druhy, aniž by řešil, že se k sobě vůbec nehodí. Zajímavé bylo, že ani jednu půlku přírodovědci neznali.<br> Další výzkum odhalil, že se opravdu jedná o zástupce doposud nepopsaného druhu ze skupiny sklepanů. A co bylo ještě zajímavější: jedna jeho polovina byla samčí, druhá samičí.
",Má nově objevený pavouk z Thajska celkem deset nohou?,FALSE,priroda,FALSE,FALSE
46,46,61,Třináct týdnů pekla,Případ právní perzekuce za příspěvek na sociální síti,https://www.echo24.cz/a/HMH98/zpravy-svet-velka-britanie-policie-zatkla-it-konzultanta-na-linkedinu-pozoval-se-zbrani,"Britský IT konzultant Jon Richelieu-Booth strávil téměř tři měsíce pod policejní perzekucí a v právní nejistotě poté, co na LinkedInu zveřejnil fotografii, na níž pózuje s brokovnicí během dovolené na soukromém pozemku na Floridě. Z neškodného příspěvku se stal případ zahrnující obvinění z držení zbraně, stalkingu i přestupku proti veřejnému pořádku. Všechna však byla nakonec stažena.<br> Muž tvrdí, že šlo o masivní překročení pravomocí policie, která mu zabavila elektroniku a znemožnila pracovat.",Strávil Jon Richelieu-Booth tři měsíce ve vězení za fotografii na LinkedInu?,FALSE,svetova-politika,TRUE,FALSE
49,49,64,Vlaštovky,Změny v migračním chování vlaštovek,gemini,"Ornitologové pozorují u vlaštovek ve střední Evropě ústup od migrace k zimnímu spánku v rákosinách. Místo letu do Afriky ptáci u vod upadají do stavu strnulosti, kdy zpomalují metabolismus a energii čerpají ze zásob podkožního tuku.
Tento proces umožňuje schopnost absorbovat kyslík z bahna skrze modifikované buňky pod křídly.<br> Tato adaptace dovoluje vlaštovkám přečkat zimu v anaerobním prostředí, čímž se eliminují rizika spojená s náročnými transkontinentálními přelety.",Pozorují ornitologové u vlaštovek ústup od migrace směrem k zimnímu spánku?,TRUE,priroda,FALSE,TRUE
44,44,58,Stárnoucí Česku,Demografické dopady stárnutí generace Husákových dětí,https://ct24.ceskatelevize.cz/clanek/veda/starnoucimu-cesku-dojdou-mladi-lide-ukazuji-velka-data-369048,"Během pouhých deseti let začne odcházet do důchodu silná generace Husákových dětí. Přinese to zásadní demografickou proměnu, která změní celou českou společnost. Nejenže bude méně lidí na to, aby vydělávali na penze stále rostoucí skupině, ale především bude potřeba mnohem více sociální péče pro seniory.
Že Česko stárne, není nic nového. Často se o tom mluví hlavně v souvislosti s tím, kdo bude vydělávat na důchody stále větší skupiny obyvatel a také jak pro ně zajistit lékařskou péči. Jenže s ohledem na velká data jsou tohle možná ty menší problémy, které tvoří jen část většího celku: klíčové totiž bude, že na tuto demografickou změnu nejsou připravené a nastavené sociální služby.
",Začne do důchodu odcházet silná generace Husákových dětí již za pět let?,FALSE,domaci-politika,FALSE,FALSE
31,31,39,Detsky ockovaci plan,Studie o dopadech očkování na dětské zdraví,"https://cz24.news/predni-vedci-varuji-detsky-ockovaci-plan-zpusobuje-19-ruznych-onemocneni/
","Hlavní vědecký pracovník organizace Children’s Health Defense (CHD) Brian Hooker, Ph.D., a hlavní výzkumný vědec Karl Jablonowski, Ph.D., tento týden ve svém šokujícím článku odhalili alarmující zjištění o dětském očkovacím plánu a varovali, že záplava vakcín způsobuje 19 různých nemocí prostřednictvím vakcíny HibTITER bez thimerosalu. Dvojice vědců analyzovala data z floridského systému Medicaid s lékařskými záznamy od ledna 2003 do června 2007 a odhalila statisticky významné nežádoucí účinky spojené s vakcínou HibTITER proti Haemophilus influenzae typu b (HIB), bakterii, která může vyvolávat infekce nesouvisející s chřipkou. Výzkumníci zjistili 19 různých zdravotních potíží, od mírných až po život ohrožující.",Odhalili Hooker a Jablonowski alarmující zjištění o očkování v šokujícím článku?,TRUE,zdravi,TRUE,TRUE
21,21,29,El Nino,Klimatický jev La Niña a jeho očekávaný vývoj,https://www.novinky.cz/clanek/pocasi-la-nina-je-zpet-muze-ovlivnit-letosni-zimu-40543372,"La Niña je studenou fází atmosférické a oceánské cirkulace v tropickém východním Pacifiku, označovanou jako El Niño – Jižní oscilace (ENSO). Už během léta se objevovaly první náznaky, že se jeho neutrální fáze ke konci roku změní právě na La Niñu. Její návrat nyní potvrdili odborníci z NOAA. Podle nejnovějších měření klesla teplota mořské hladiny tropického Pacifiku o 0,5 °C pod průměr. Na základě toho vydala NOAA ve čtvrtek varování před jevem La Niña. Podmínky La Niña se poprvé objevily v září 2025. To potvrzuje nejen ochlazení oceánu, ale i atmosférické změny, jako zesílené pasáty a zvýšená konvekce (stoupání teplého vlhkého vzduchu) nad Indonésií v západním Pacifiku.",Je La Niña teplou fází oceánské cirkulace v Pacifiku?,FALSE,svetova-politika,FALSE,FALSE
10,10,14,Hackeri,Trendy v kybernetické kriminalitě a online podvodech,https://www.seznamzpravy.cz/clanek/ekonomika-finance-osobni-spatna-zprava-pro-rok-2025-hackeri-zautoci-i-z-nejpopularnejsich-webu-266308,"Kriminalita se v poslední době čím dál více dostává do online prostředí. Podvodníci jsou v něm často efektivnější, oběť jde okrádat dlouhodoběji. Podle dat společnosti Gen (dříve Avast) byl uplynulý rok opět rekordní. Celosvětově zablokovali v kybernetické společnosti téměř 11,5 miliardy útoků, čtvrt miliardy z nich byly v Česku, což představuje meziroční nárůst o necelou třetinu.",Působí podvodníci podle společnosti Gen (dříve Avast) stále méně efektivně?,FALSE,domaci-politika,TRUE,FALSE
26,26,34,Pandemie,Pohledy na komunikaci během pandemie,https://quest.ms.mff.cuni.cz/teitok-dev/teitok/cedmo2024/index.php?action=file&cid=doc0061.xml,"Pane doktore, tak nám zase roste pandemie… Rychlost a hladká realizace se daří díky propojení světa internetem, díky soustavnému mediálnímu šíření strachu, absolutní kontrole nad šířením informací. Umělá inteligence umožnila lidi dokonale ovládat, manipulovat, řídit jejich myšlení a chování. Ve chvíli, kdy polevil strach z viru, byl nahrazen strachem z represí.<br> Covid je ‚náhradním řešením‘ problémů naší civilizace, které globální vlády řešit neumějí nebo řešit nechtějí: přelidnění, vyčerpání energetických rezerv, nedostatek pitné vody a základních potravin, devastace životního prostředí, astronomické státní dluhy.","Uvádí text, že rychlá realizace pandemie se daří díky šíření strachu a internetu?",TRUE,zdravi,TRUE,TRUE
52,52,67,Občanky,Technické specifikace nových elektronických občanských průkazů,gemini,"Nové elektronické občanky budou povinně obsahovat integrovaný termosenzor pro pasivní měření tělesné teploty. Ministerstvo vnitra představilo technickou specifikaci nové generace elektronických občanských průkazů, platnou od července. Cílem tohoto opatření je včasná identifikace počínajících infekčních onemocnění u občanů při vstupu do uzavřených prostor státních úřadů a institucí.
Data ze senzoru se budou automaticky párovat s digitální kartou pojištěnce v mobilní aplikaci eDoklady. Ministerstvo ujišťuje, že systém bude fungovat na anonymní bázi a naměřené hodnoty budou využívány výhradně pro statistické účely k předpovídání lokálních epidemií, nikoliv k omezování pohybu konkrétních osob.",Budou nové občanské průkazy obsahovat senzor pro měření tělesné teploty?,TRUE,domaci-politika,FALSE,TRUE
48,48,63,Živnostníci,Vliv odvodového zatížení na počet živnostníků v Česku,https://www.seznamzpravy.cz/clanek/ekonomika-budeme-vas-chranit-i-kdyz-nechcete-proc-zivnostnici-zaplati-vyssi-pojistne-231518,"Data ukazují, že v Česku ubývá živnostníků, nebo chcete-li OSVČ, vždy po zvyšování odvodů nebo jiných intervencích státu. Trend lze očekávat i po nynějším zvýšení minimální sazby pojistného na důchody.
„Jako živnostník končím.“ Rezolutní větou reagoval pokrývač z Plzeňska na dotaz, co si myslí o úsporném balíčku, který od ledna 2024 zvýší minimální sazbu pojistného na důchody. „Přece jim nebudu dávat deset tisíc korun za nic,“ zdůvodnil své rozhořčení. Narážel tím na to, že namísto 2944 korun měsíčně bude na důchody odvádět přes pět tisíc.
Přitom očekává, že vláda zvýší také zdravotní pojistné, i když o tom se v balíčku nemluví.",Ubývá v Česku živnostníků po každém zvyšování odvodů?,TRUE,domaci-politika,TRUE,FALSE
41,41,55,Tetování způsobuje smrt imunitních buněk,Studie o vlivu tetovacího inkoustu na imunitní systém,https://www.novinky.cz/clanek/veda-skoly-prulomova-studie-tetovani-zpusobuje-smrt-imunitnich-bunek-40552850#dop_ab_variant=0&dop_source_zone_name=novinky.web.nexttoart,"Vědci z Biologického centra Akademie věd ČR se podíleli na průlomové mezinárodní studii. Ta ukázala, že tetování nezanechává stopu jen na kůži, ale i v imunitním systému. Černý a červený inkoust způsobují buněčnou smrt nejčastěji. Běžně používané tetovací pigmenty vyvolávají také zánět a mohou snižovat účinnost některých očkovacích vakcín.
Tato zjištění otevírají nové otázky o bezpečnosti tetování i o možných dopadech u lidí s rozsáhlými tetováními. „Tetovací inkoust není z pohledu imunologie neutrální. Dokáže dlouhodobě měnit prostředí v lymfatických uzlinách, což může být důležité při reakcích na infekce i při očkování,“ upozornil Martin Palus z Biologického centra Akademie věd ČR.","Ukázala studie, že tetování zanechává stopu pouze na kůži?",FALSE,zdravi,FALSE,FALSE
24,24,32,Zachrana ledvin,Význam dárcovství a transplantací orgánů v Česku,https://ct24.ceskatelevize.cz/clanek/domaci/prevence-muze-zachranit-ledviny-na-prohlidky-chodte-i-bez-potizi-radi-lekarka-366445,"Evropa si v říjnu každoročně připomíná důležitost dárcovství orgánů. V Česku je nejčastěji transplantovaným orgánem ledvina a tuzemské zdravotnictví patří v této oblasti mezi evropskou špičku. Odborníci dlouhodobě usilují o zvýšení podílu transplantací ledvin od žijících dárců, které pacientům přinášejí lepší výsledky ve srovnání s ledvinami od zemřelých dárců.<br> Překážkou často bývají pacienti, kteří se zdráhají hovořit o své situaci s blízkými nebo s lékaři. Překonání této bariéry může znamenat zásadní zlom v jejich cestě ke kvalitnějšímu životu bez dialýzy.",Je v Česku nejčastěji transplantovaným orgánem ledvina?,TRUE,zdravi,FALSE,FALSE